1,1,5,456,超游世界,9,2017-01-12,1,2017-09-27 13:50:18,2099-12-31 23:59:59,0,2017-09-27 13:50:18
2,1,5,456,无敌极光侠,9,2016-08-26,1,2017-09-27 13:50:18,2099-12-31 23:59:59,0,2017-09-27 13:50:18
3,1,5,456,暴基枪手,9,2016-03-22,1,2017-09-27 13:50:18,2099-12-31 23:59:59,0,2017-09-27 13:50:18
4,1,5,399,米奇妙妙屋大搜寻,56,2007-01-01,1,2017-09-27 13:50:18,2099-12-31 23:59:59,0,2017-09-27 13:50:18
5,1,5,399,小小熊,53,2015-01-01,1,2017-09-27 13:50:18,2099-12-31 23:59:59,1,2017-09-27 13:50:18
6,1,5,399,托宝兄弟,9,2015-10-01,1,2017-09-27 13:50:18,2099-12-31 23:59:59,0,2017-09-27 13:50:18
7,1,5,399,森巴幸福岛,9,2016-11-22,1,2017-09-27 13:50:18,2099-12-31 23:59:59,0,2017-09-27 13:50:18
8,1,5,399,阿优8之兔智来了,9,2016-07-11,1,2017-09-27 13:50:18,2099-12-31 23:59:59,0,2017-09-27 13:50:18
9,1,5,62,巨神战击队,9,2012-12-25,1,2017-09-27 13:50:18,2099-12-31 23:59:59,0,2017-09-27 13:50:18
10,1,5,404,疯狂的兔子全集版,14,2015-01-01,1,2017-09-27 13:50:21,2099-12-31 23:59:59,0,2017-09-27 13:50:21
